{
    "D": [
        -0.06001035588294054,
        0.3466585291091072,
        -1.0932356940133992,
        3.4511959617065253
    ],
    "K": [
        1872.1392958276606,
        0.0,
        583.2925844388025,
        0.0,
        1872.6168324818198,
        483.72597760530056,
        0.0,
        0.0,
        1.0
    ],
    "P": [
        703.910323,
        0.0,
        815.113302,
        0.0,
        0.0,
        958.319231,
        636.871993,
        0.0,
        0.0,
        0.0,
        1.0,
        0.0
    ],
    "R": [
        1.0,
        0.0,
        0.0,
        0.0,
        1.0,
        0.0,
        0.0,
        0.0,
        1.0
    ],
    "binning_x": 2,
    "binning_y": 2,
    "distortion_model": "plumb_bob",
    "header": {
        "frame_id": "cam_1_optical_frame",
        "seq": 294,
        "stamp": {
            "nsecs": 607511399,
            "secs": 1701975685
        }
    },
    "height": 1536,
    "roi": {
        "do_rectify": false,
        "height": 0,
        "width": 0,
        "x_offset": 0,
        "y_offset": 0
    },
    "width": 2048
}